id,plate_text,confidence,source,frame_num,plate_img,timestamp
1,RIB J,0.826,video,3,video_20260523_122345_289033.jpg,2026-05-23 12:23:45
2,R-E3J,0.831,video,6,video_20260523_122345_502548.jpg,2026-05-23 12:23:45
3,RB3J,0.83,video,9,video_20260523_122345_763616.jpg,2026-05-23 12:23:45
4,R-183-JF,0.844,video,12,video_20260523_122345_893387.jpg,2026-05-23 12:23:45
5,R183-JF,0.834,video,21,video_20260523_122346_324952.jpg,2026-05-23 12:23:46
6,R-481 IF,0.517,video,51,video_20260523_122347_708513.jpg,2026-05-23 12:23:47
7,R-187 IF,0.806,video,54,video_20260523_122347_837860.jpg,2026-05-23 12:23:47
8,R-183 JF,0.812,video,57,video_20260523_122347_961136.jpg,2026-05-23 12:23:47
9,GUIN,0.817,video,75,video_20260523_122348_711294.jpg,2026-05-23 12:23:48
10,RBLK,0.818,video,78,video_20260523_122348_888410.jpg,2026-05-23 12:23:48
11,03A4-JE,0.817,video,81,video_20260523_122349_063075.jpg,2026-05-23 12:23:49
12,RBAA,0.82,video,84,video_20260523_122349_201218.jpg,2026-05-23 12:23:49
13,RBAM,0.82,video,87,video_20260523_122349_311957.jpg,2026-05-23 12:23:49
14,RBRM,0.84,video,90,video_20260523_122349_480280.jpg,2026-05-23 12:23:49
15,N-824N,0.829,video,93,video_20260523_122349_561951.jpg,2026-05-23 12:23:49
16,N894J,0.828,video,96,video_20260523_122349_679857.jpg,2026-05-23 12:23:49
17,N-894-JV,0.828,video,99,video_20260523_122349_816207.jpg,2026-05-23 12:23:49
18,N894-JV,0.821,video,105,video_20260523_122350_005096.jpg,2026-05-23 12:23:50
19,N894-J,0.829,video,108,video_20260523_122350_094654.jpg,2026-05-23 12:23:50
20,LOBEX,0.83,video,114,video_20260523_122350_420188.jpg,2026-05-23 12:23:50
21,L-65640,0.817,video,117,video_20260523_122350_648696.jpg,2026-05-23 12:23:50
22,L6S56 XH,0.843,video,120,video_20260523_122350_824118.jpg,2026-05-23 12:23:50
23,L656XH,0.819,video,123,video_20260523_122350_976984.jpg,2026-05-23 12:23:50
24,LOS6 XH,0.838,video,126,video_20260523_122351_095618.jpg,2026-05-23 12:23:51
25,L-656-XH,0.832,video,132,video_20260523_122351_306226.jpg,2026-05-23 12:23:51
26,L656-XH,0.84,video,135,video_20260523_122351_440575.jpg,2026-05-23 12:23:51
27,L6S6-XH,0.821,video,141,video_20260523_122351_673180.jpg,2026-05-23 12:23:51
28,L656 XH,0.831,video,165,video_20260523_122352_660966.jpg,2026-05-23 12:23:52
29,C656 XH,0.77,video,201,video_20260523_122354_056755.jpg,2026-05-23 12:23:54
30,L65OXH,0.749,video,204,video_20260523_122354_153431.jpg,2026-05-23 12:23:54
31,COSO XH,0.787,video,207,video_20260523_122354_286971.jpg,2026-05-23 12:23:54
32,EOSO XH,0.786,video,210,video_20260523_122354_414347.jpg,2026-05-23 12:23:54
33,EOS6XU,0.792,video,213,video_20260523_122354_520188.jpg,2026-05-23 12:23:54
34,MED,0.806,video,216,video_20260523_122354_698804.jpg,2026-05-23 12:23:54
35,RAL,0.822,video,219,video_20260523_122354_868477.jpg,2026-05-23 12:23:54
36,NRU,0.8,video,222,video_20260523_122355_035292.jpg,2026-05-23 12:23:55
37,RAU,0.816,video,225,video_20260523_122355_217776.jpg,2026-05-23 12:23:55
38,KAL,0.82,video,228,video_20260523_122355_349224.jpg,2026-05-23 12:23:55
39,RORD,0.817,video,231,video_20260523_122355_517104.jpg,2026-05-23 12:23:55
40,0OA0,0.83,video,234,video_20260523_122355_636432.jpg,2026-05-23 12:23:55
41,064LX,0.822,video,237,video_20260523_122355_765821.jpg,2026-05-23 12:23:55
42,D644LX,0.811,video,240,video_20260523_122355_886631.jpg,2026-05-23 12:23:55
43,R64LX,0.809,video,246,video_20260523_122356_099912.jpg,2026-05-23 12:23:56
44,0644LX,0.823,video,249,video_20260523_122356_240273.jpg,2026-05-23 12:23:56
45,0644 LX,0.815,video,252,video_20260523_122356_371372.jpg,2026-05-23 12:23:56
46,06ALX,0.812,video,255,video_20260523_122356_501146.jpg,2026-05-23 12:23:56
47,H644LX,0.819,video,258,video_20260523_122356_644081.jpg,2026-05-23 12:23:56
48,H644-LX,0.82,video,264,video_20260523_122356_945505.jpg,2026-05-23 12:23:56
49,A644-LX,0.795,video,267,video_20260523_122357_124944.jpg,2026-05-23 12:23:57
50,H-644LX,0.672,video,270,video_20260523_122357_298113.jpg,2026-05-23 12:23:57
51,A-644LX,0.417,video,270,video_20260523_122357_370183.jpg,2026-05-23 12:23:57
52,H-644-LX,0.824,video,273,video_20260523_122357_503456.jpg,2026-05-23 12:23:57
53,A644LX,0.82,video,282,video_20260523_122357_877803.jpg,2026-05-23 12:23:57
54,KURR,0.819,video,291,video_20260523_122358_337239.jpg,2026-05-23 12:23:58
55,K884RS,0.816,video,294,video_20260523_122358_443416.jpg,2026-05-23 12:23:58
56,K884-RS,0.846,video,303,video_20260523_122358_696359.jpg,2026-05-23 12:23:58
57,K884 RS,0.843,video,306,video_20260523_122358_829168.jpg,2026-05-23 12:23:58
58,BTOZ,0.814,video,324,video_20260523_122359_522954.jpg,2026-05-23 12:23:59
59,66-FA-07,0.816,video,327,video_20260523_122359_685076.jpg,2026-05-23 12:23:59
60,66-HH-Q7,0.828,video,330,video_20260523_122359_841446.jpg,2026-05-23 12:23:59
61,66-HA-07,0.82,video,333,video_20260523_122359_994835.jpg,2026-05-23 12:24:00
62,66-HH-07,0.823,video,336,video_20260523_122400_136192.jpg,2026-05-23 12:24:00
63,66-HH0Z,0.822,video,360,video_20260523_122401_045284.jpg,2026-05-23 12:24:01
64,66-HH 07,0.84,video,363,video_20260523_122401_142844.jpg,2026-05-23 12:24:01
65,66 HH 07,0.829,video,399,video_20260523_122402_418403.jpg,2026-05-23 12:24:02
66,66 HHH 07,0.828,video,408,video_20260523_122402_668019.jpg,2026-05-23 12:24:02
67,L6O5 HZ,0.777,video,420,video_20260523_122403_114865.jpg,2026-05-23 12:24:03
68,06OS-HZ,0.817,video,423,video_20260523_122403_228786.jpg,2026-05-23 12:24:03
69,L6O5-HZ,0.814,video,426,video_20260523_122403_358142.jpg,2026-05-23 12:24:03
70,LEO4Z,0.828,video,429,video_20260523_122403_546452.jpg,2026-05-23 12:24:03
71,BEK,0.784,video,432,video_20260523_122403_709588.jpg,2026-05-23 12:24:03
72,RIIT,0.835,video,486,video_20260523_122405_306538.jpg,2026-05-23 12:24:05
73,LEBH,0.775,video,489,video_20260523_122405_464494.jpg,2026-05-23 12:24:05
74,L6054Z,0.82,video,492,video_20260523_122405_633515.jpg,2026-05-23 12:24:05
75,LEOSHZ,0.833,video,495,video_20260523_122405_799542.jpg,2026-05-23 12:24:05
76,L605-HZ,0.816,video,504,video_20260523_122406_167902.jpg,2026-05-23 12:24:06
77,LEO5 HZ,0.808,video,510,video_20260523_122406_397610.jpg,2026-05-23 12:24:06
78,L6O5 -HZ,0.817,video,525,video_20260523_122406_852051.jpg,2026-05-23 12:24:06
79,L6OS-HZ,0.843,video,528,video_20260523_122406_965804.jpg,2026-05-23 12:24:06
80,L605 HZ,0.826,video,531,video_20260523_122407_089017.jpg,2026-05-23 12:24:07
81,LEOS5HZ,0.805,video,570,video_20260523_122408_533647.jpg,2026-05-23 12:24:08
82,L6O5HZ,0.818,video,573,video_20260523_122408_688030.jpg,2026-05-23 12:24:08
83,RBD,0.809,video,576,video_20260523_122408_867338.jpg,2026-05-23 12:24:08
84,RUDA,0.816,video,579,video_20260523_122409_052341.jpg,2026-05-23 12:24:09
85,RUT,0.825,video,582,video_20260523_122409_218009.jpg,2026-05-23 12:24:09
86,UK2,0.815,video,585,video_20260523_122409_359645.jpg,2026-05-23 12:24:09
87,NIA RU,0.555,video,3,video_20260523_122944_760431.jpg,2026-05-23 12:29:44
88,MAKU,0.431,video,6,video_20260523_122945_012413.jpg,2026-05-23 12:29:45
89,NAIZ WRU,0.529,video,9,video_20260523_122945_243928.jpg,2026-05-23 12:29:45
90,MIKU,0.428,video,9,video_20260523_122945_341401.jpg,2026-05-23 12:29:45
91,NAIJ HRU,0.555,video,12,video_20260523_122945_503904.jpg,2026-05-23 12:29:45
92,WN3MRU,0.538,video,15,video_20260523_122945_702082.jpg,2026-05-23 12:29:45
93,MSISU,0.419,video,18,video_20260523_122945_921900.jpg,2026-05-23 12:29:45
94,MNSU,0.418,video,18,video_20260523_122945_953564.jpg,2026-05-23 12:29:45
95,NAA HRU,0.623,video,21,video_20260523_122946_150676.jpg,2026-05-23 12:29:46
96,MIJU,0.435,video,21,video_20260523_122946_242625.jpg,2026-05-23 12:29:46
97,NAJ NRU,0.613,video,24,video_20260523_122946_418149.jpg,2026-05-23 12:29:46
98,MKU,0.482,video,24,video_20260523_122946_481612.jpg,2026-05-23 12:29:46
99,MAJ NRU,0.663,video,27,video_20260523_122946_679967.jpg,2026-05-23 12:29:46
100,MEISU,0.403,video,30,video_20260523_122946_936309.jpg,2026-05-23 12:29:46
101,NAIJ NRU,0.401,video,30,video_20260523_122946_980111.jpg,2026-05-23 12:29:46
102,NAINRU,0.592,video,36,video_20260523_122947_353827.jpg,2026-05-23 12:29:47
103,MELSU,0.479,video,36,video_20260523_122947_452979.jpg,2026-05-23 12:29:47
104,MISIUSU,0.567,video,45,video_20260523_122947_992264.jpg,2026-05-23 12:29:47
105,MISISU,0.5,video,48,video_20260523_122948_146235.jpg,2026-05-23 12:29:48
106,WSISU,0.405,video,54,video_20260523_122948_490651.jpg,2026-05-23 12:29:48
107,WISIUSU,0.58,video,57,video_20260523_122948_744900.jpg,2026-05-23 12:29:48
108,WSIVSU,0.524,video,69,video_20260523_122949_283531.jpg,2026-05-23 12:29:49
109,GXIS 0GJ,0.513,video,69,video_20260523_122949_330588.jpg,2026-05-23 12:29:49
110,LNSU,0.536,video,72,video_20260523_122949_516259.jpg,2026-05-23 12:29:49
111,GXIS 0G,0.417,video,84,video_20260523_122950_072941.jpg,2026-05-23 12:29:50
112,GXI5 0G J,0.4,video,108,video_20260523_122951_576833.jpg,2026-05-23 12:29:51
113,GXIS OG J,0.447,video,120,video_20260523_122952_321279.jpg,2026-05-23 12:29:52
114,GXIS OGJ,0.479,video,126,video_20260523_122952_672336.jpg,2026-05-23 12:29:52
115,CHD LMEVCV,0.628,video,135,video_20260523_122953_390153.jpg,2026-05-23 12:29:53
116,LIIA,0.423,video,141,video_20260523_122953_983650.jpg,2026-05-23 12:29:53
117,APOS JE,0.536,video,144,video_20260523_122954_122102.jpg,2026-05-23 12:29:54
118,LOSZA,0.404,video,144,video_20260523_122954_194823.jpg,2026-05-23 12:29:54
119,LPOS JEO,0.516,video,150,video_20260523_122954_488940.jpg,2026-05-23 12:29:54
120,APOS JEO,0.447,video,153,video_20260523_122954_682901.jpg,2026-05-23 12:29:54
121,APO5 JEO,0.672,video,165,video_20260523_122955_269079.jpg,2026-05-23 12:29:55
122,LRJIZ,0.406,video,168,video_20260523_122955_458128.jpg,2026-05-23 12:29:55
123,HOBEK,0.433,video,174,video_20260523_122955_824899.jpg,2026-05-23 12:29:55
124,APOS EO,0.677,video,180,video_20260523_122956_095673.jpg,2026-05-23 12:29:56
125,APOS JEQE,0.537,video,195,video_20260523_122956_807438.jpg,2026-05-23 12:29:56
126,APOS JEQ,0.533,video,198,video_20260523_122957_031165.jpg,2026-05-23 12:29:57
127,KMOSZZK,0.514,video,210,video_20260523_122957_741319.jpg,2026-05-23 12:29:57
128,KK05ZZK,0.53,video,213,video_20260523_122957_962944.jpg,2026-05-23 12:29:57
129,HIK,0.439,video,219,video_20260523_122958_335867.jpg,2026-05-23 12:29:58
130,LZK,0.552,video,222,video_20260523_122958_479110.jpg,2026-05-23 12:29:58
131,KHOSZZK,0.491,video,225,video_20260523_122958_680253.jpg,2026-05-23 12:29:58
132,LUK,0.494,video,234,video_20260523_122959_129761.jpg,2026-05-23 12:29:59
133,UNOZERD,0.413,video,234,video_20260523_122959_197218.jpg,2026-05-23 12:29:59
134,LHSZI,0.531,video,237,video_20260523_122959_376130.jpg,2026-05-23 12:29:59
135,UOXD,0.437,video,237,video_20260523_122959_432775.jpg,2026-05-23 12:29:59
136,LDD,0.56,video,243,video_20260523_122959_679327.jpg,2026-05-23 12:29:59
137,CAL,0.443,video,243,video_20260523_122959_750547.jpg,2026-05-23 12:29:59
138,LOZED,0.603,video,246,video_20260523_122959_999288.jpg,2026-05-23 12:30:00
139,UNOZ FKD,0.505,video,249,video_20260523_123000_162866.jpg,2026-05-23 12:30:00
140,U0ZEKD,0.543,video,258,video_20260523_123000_573971.jpg,2026-05-23 12:30:00
141,LN0ZFKD,0.455,video,261,video_20260523_123000_762902.jpg,2026-05-23 12:30:00
142,LEAD,0.581,video,270,video_20260523_123001_051273.jpg,2026-05-23 12:30:01
143,WROZ FKD,0.564,video,273,video_20260523_123001_275657.jpg,2026-05-23 12:30:01
144,LWOZ FKD,0.424,video,276,video_20260523_123001_488949.jpg,2026-05-23 12:30:01
145,FIAZHY,0.61,video,282,video_20260523_123001_785248.jpg,2026-05-23 12:30:01
146,FZHY,0.656,video,285,video_20260523_123001_972369.jpg,2026-05-23 12:30:01
147,ESINDG,0.456,video,291,video_20260523_123002_324009.jpg,2026-05-23 12:30:02
148,FAZHY,0.454,video,291,video_20260523_123002_396197.jpg,2026-05-23 12:30:02
149,WAZHY,0.723,video,297,video_20260523_123002_724340.jpg,2026-05-23 12:30:02
150,EGINDG,0.475,video,318,video_20260523_123003_558640.jpg,2026-05-23 12:30:03
151,EYGINBG,0.489,video,330,video_20260523_123004_191542.jpg,2026-05-23 12:30:04
152,ENGINBQ,0.553,video,333,video_20260523_123004_407335.jpg,2026-05-23 12:30:04
153,EXGING,0.543,video,351,video_20260523_123005_317481.jpg,2026-05-23 12:30:05
154,EXSINBG,0.65,video,354,video_20260523_123005_536091.jpg,2026-05-23 12:30:05
155,LHHI4,0.401,video,354,video_20260523_123005_649308.jpg,2026-05-23 12:30:05
156,OBHVF,0.531,video,369,video_20260523_123006_464345.jpg,2026-05-23 12:30:06
157,M LDBHVE,0.585,video,372,video_20260523_123006_661743.jpg,2026-05-23 12:30:06
158,HWC,0.491,video,378,video_20260523_123006_929484.jpg,2026-05-23 12:30:06
159,LOEHHVF,0.473,video,381,video_20260523_123007_150224.jpg,2026-05-23 12:30:07
160,HLC,0.445,video,381,video_20260523_123007_248234.jpg,2026-05-23 12:30:07
161,HUL4C,0.411,video,387,video_20260523_123007_588680.jpg,2026-05-23 12:30:07
162,HNACN,0.403,video,390,video_20260523_123007_845037.jpg,2026-05-23 12:30:07
163,I LOP HVF,0.441,video,393,video_20260523_123008_104297.jpg,2026-05-23 12:30:08
164,LVOBHVE,0.557,video,396,video_20260523_123008_343152.jpg,2026-05-23 12:30:08
165,AVOE HVE,0.657,video,399,video_20260523_123008_593209.jpg,2026-05-23 12:30:08
166,LNACD,0.584,video,405,video_20260523_123008_938684.jpg,2026-05-23 12:30:08
167,A VO8 HWE,0.561,video,405,video_20260523_123009_066354.jpg,2026-05-23 12:30:09
168,VOGHYE,0.449,video,411,video_20260523_123009_481068.jpg,2026-05-23 12:30:09
169,POSSUS,0.696,video,417,video_20260523_123009_812800.jpg,2026-05-23 12:30:09
170,0G65U5,0.648,video,420,video_20260523_123009_962804.jpg,2026-05-23 12:30:09
171,PGGS US,0.606,video,423,video_20260523_123010_209830.jpg,2026-05-23 12:30:10
172,-BG6S USJ,0.654,video,432,video_20260523_123010_665793.jpg,2026-05-23 12:30:10
173,PG65USJ,0.702,video,435,video_20260523_123010_839002.jpg,2026-05-23 12:30:10
174,0G65US,0.58,video,438,video_20260523_123011_002780.jpg,2026-05-23 12:30:11
175,PGGS USJ,0.583,video,444,video_20260523_123011_300425.jpg,2026-05-23 12:30:11
176,BGES SJ,0.642,video,447,video_20260523_123011_531534.jpg,2026-05-23 12:30:11
177,BG6S USJ,0.639,video,450,video_20260523_123011_761828.jpg,2026-05-23 12:30:11
178,DGBSUS,0.546,video,456,video_20260523_123012_093473.jpg,2026-05-23 12:30:12
179,GS5 USJ,0.729,video,459,video_20260523_123012_322689.jpg,2026-05-23 12:30:12
180,BGE5 5J,0.749,video,462,video_20260523_123012_589457.jpg,2026-05-23 12:30:12
181,O65 SJ,0.719,video,468,video_20260523_123012_914999.jpg,2026-05-23 12:30:12
182,0GES USJ,0.735,video,471,video_20260523_123013_162570.jpg,2026-05-23 12:30:13
183,QBS U5J,0.666,video,474,video_20260523_123013_364804.jpg,2026-05-23 12:30:13
184,LKB4DAY,0.421,video,483,video_20260523_123013_836986.jpg,2026-05-23 12:30:13
185,HBD,0.54,video,498,video_20260523_123014_719476.jpg,2026-05-23 12:30:14
186,MSKQJ,0.531,video,504,video_20260523_123014_949651.jpg,2026-05-23 12:30:14
187,WSAKG,0.466,video,507,video_20260523_123015_098157.jpg,2026-05-23 12:30:15
188,EAM,0.417,video,510,video_20260523_123015_327982.jpg,2026-05-23 12:30:15
189,MBM,0.413,video,513,video_20260523_123015_630413.jpg,2026-05-23 12:30:15
190,LKB,0.588,video,516,video_20260523_123015_826727.jpg,2026-05-23 12:30:15
191,LKBA,0.615,video,519,video_20260523_123016_074263.jpg,2026-05-23 12:30:16
192,NEQ,0.666,video,522,video_20260523_123016_328989.jpg,2026-05-23 12:30:16
193,LKBJ,0.583,video,522,video_20260523_123016_406213.jpg,2026-05-23 12:30:16
194,IKEM,0.539,video,525,video_20260523_123016_678515.jpg,2026-05-23 12:30:16
195,ERVO DZL,0.446,video,528,video_20260523_123016_919698.jpg,2026-05-23 12:30:16
196,K4M,0.41,video,528,video_20260523_123016_973719.jpg,2026-05-23 12:30:16
197,KB4M,0.646,video,531,video_20260523_123017_201113.jpg,2026-05-23 12:30:17
198,ENDDZU,0.401,video,531,video_20260523_123017_281883.jpg,2026-05-23 12:30:17
199,LKBJ0M,0.69,video,534,video_20260523_123017_544437.jpg,2026-05-23 12:30:17
200,LKBJTM,0.631,video,537,video_20260523_123017_771134.jpg,2026-05-23 12:30:17
201,LKB40M,0.672,video,540,video_20260523_123018_007586.jpg,2026-05-23 12:30:18
202,LKBJM,0.559,video,543,video_20260523_123018_210618.jpg,2026-05-23 12:30:18
203,EOP,0.459,video,546,video_20260523_123018_444485.jpg,2026-05-23 12:30:18
204,4SJM,0.662,video,549,video_20260523_123018_687316.jpg,2026-05-23 12:30:18
205,FNOPZU,0.511,video,549,video_20260523_123018_754994.jpg,2026-05-23 12:30:18
206,LKK6OPM,0.636,video,552,video_20260523_123018_960967.jpg,2026-05-23 12:30:18
207,EADDZ,0.425,video,552,video_20260523_123018_992460.jpg,2026-05-23 12:30:19
208,UKKSUD,0.623,video,555,video_20260523_123019_203002.jpg,2026-05-23 12:30:19
209,ENOOA,0.46,video,555,video_20260523_123019_249027.jpg,2026-05-23 12:30:19
210,LKSAD,0.629,video,558,video_20260523_123019_472331.jpg,2026-05-23 12:30:19
211,UKB4M,0.525,video,561,video_20260523_123019_657684.jpg,2026-05-23 12:30:19
212,KKBAP,0.533,video,564,video_20260523_123019_893164.jpg,2026-05-23 12:30:19
213,ENDDZL,0.406,video,564,video_20260523_123019_982786.jpg,2026-05-23 12:30:20
214,AB4P,0.67,video,567,video_20260523_123020_185631.jpg,2026-05-23 12:30:20
215,EFOPZL,0.515,video,567,video_20260523_123020_259481.jpg,2026-05-23 12:30:20
216,AKBADL,0.673,video,570,video_20260523_123020_462605.jpg,2026-05-23 12:30:20
217,EFDDZU,0.486,video,570,video_20260523_123020_558803.jpg,2026-05-23 12:30:20
218,AKBAL,0.743,video,573,video_20260523_123020_787041.jpg,2026-05-23 12:30:20
219,EF00ZL,0.41,video,573,video_20260523_123020_860035.jpg,2026-05-23 12:30:20
220,LK64PM,0.721,video,576,video_20260523_123021_090548.jpg,2026-05-23 12:30:21
221,EFODZO,0.457,video,576,video_20260523_123021_154532.jpg,2026-05-23 12:30:21
222,AKB4M,0.52,video,579,video_20260523_123021_316468.jpg,2026-05-23 12:30:21
223,AKBAD,0.724,video,582,video_20260523_123021_482025.jpg,2026-05-23 12:30:21
224,EFOZL,0.405,video,582,video_20260523_123021_554861.jpg,2026-05-23 12:30:21
225,4K64PM,0.72,video,585,video_20260523_123021_701844.jpg,2026-05-23 12:30:21
226,EFLO ZL,0.541,video,585,video_20260523_123021_772364.jpg,2026-05-23 12:30:21
227,AKBADM,0.742,video,588,video_20260523_123021_974897.jpg,2026-05-23 12:30:21
228,EFLOPZU,0.421,video,588,video_20260523_123022_049344.jpg,2026-05-23 12:30:22
229,4KKBADM,0.613,video,591,video_20260523_123022_258622.jpg,2026-05-23 12:30:22
230,EFO PZL,0.418,video,591,video_20260523_123022_331011.jpg,2026-05-23 12:30:22
231,AKBAOLM,0.78,video,597,video_20260523_123022_703134.jpg,2026-05-23 12:30:22
232,ELQPZL,0.53,video,597,video_20260523_123022_752910.jpg,2026-05-23 12:30:22
233,AKSADM,0.696,video,600,video_20260523_123022_954033.jpg,2026-05-23 12:30:22
234,EFODZL,0.404,video,600,video_20260523_123023_004288.jpg,2026-05-23 12:30:23
235,EFLODZT,0.596,video,603,video_20260523_123023_191477.jpg,2026-05-23 12:30:23
236,AK6A DLN,0.419,video,603,video_20260523_123023_292311.jpg,2026-05-23 12:30:23
237,ODZL,0.639,video,606,video_20260523_123023_487738.jpg,2026-05-23 12:30:23
238,EFOPZU,0.71,video,618,video_20260523_123024_163987.jpg,2026-05-23 12:30:24
239,FFOPZL,0.614,video,624,video_20260523_123024_418767.jpg,2026-05-23 12:30:24
240,EFODZU,0.728,video,627,video_20260523_123024_562831.jpg,2026-05-23 12:30:24
241,EODZU,0.72,video,630,video_20260523_123024_695006.jpg,2026-05-23 12:30:24
242,EFO DZL,0.612,video,633,video_20260523_123024_860850.jpg,2026-05-23 12:30:24
243,LB5H,0.439,video,645,video_20260523_123025_387543.jpg,2026-05-23 12:30:25
244,LE5K,0.521,video,660,video_20260523_123026_099519.jpg,2026-05-23 12:30:26
245,LF65 K,0.669,video,663,video_20260523_123026_257296.jpg,2026-05-23 12:30:26
246,LG5,0.503,video,666,video_20260523_123026_449642.jpg,2026-05-23 12:30:26
247,6OSD,0.409,video,669,video_20260523_123026_629865.jpg,2026-05-23 12:30:26
248,LE65KV,0.633,video,672,video_20260523_123026_865463.jpg,2026-05-23 12:30:26
249,LEB5UKV,0.684,video,675,video_20260523_123027_092855.jpg,2026-05-23 12:30:27
250,LBSUKL,0.65,video,678,video_20260523_123027_273826.jpg,2026-05-23 12:30:27
251,LESUKU,0.609,video,681,video_20260523_123027_526014.jpg,2026-05-23 12:30:27
252,NB5UK,0.588,video,687,video_20260523_123027_797411.jpg,2026-05-23 12:30:27
253,NB5 JK,0.641,video,690,video_20260523_123028_032241.jpg,2026-05-23 12:30:28
254,N66SUK,0.598,video,693,video_20260523_123028_232867.jpg,2026-05-23 12:30:28
255,AB5JK,0.571,video,696,video_20260523_123028_435194.jpg,2026-05-23 12:30:28
256,ASUK,0.64,video,702,video_20260523_123028_723533.jpg,2026-05-23 12:30:28
257,LAB5UK,0.718,video,705,video_20260523_123028_902882.jpg,2026-05-23 12:30:28
258,465UJKL,0.629,video,708,video_20260523_123029_135471.jpg,2026-05-23 12:30:29
259,QJOB DD,0.419,video,717,video_20260523_123029_634647.jpg,2026-05-23 12:30:29
260,GJOBEPD,0.47,video,729,video_20260523_123030_296617.jpg,2026-05-23 12:30:30
261,GJOBEP,0.41,video,735,video_20260523_123030_657772.jpg,2026-05-23 12:30:30
262,WSZZC,0.431,video,741,video_20260523_123030_953609.jpg,2026-05-23 12:30:30
263,KHO6 KSU,0.41,video,741,video_20260523_123031_012739.jpg,2026-05-23 12:30:31
264,KHOS KSU,0.542,video,747,video_20260523_123031_429816.jpg,2026-05-23 12:30:31
265,GJOS EP0,0.427,video,756,video_20260523_123031_982870.jpg,2026-05-23 12:30:31
266,KHOG KSU,0.444,video,759,video_20260523_123032_206106.jpg,2026-05-23 12:30:32
267,0JOSEED,0.459,video,762,video_20260523_123032_440710.jpg,2026-05-23 12:30:32
268,OJOSEED,0.479,video,765,video_20260523_123032_592958.jpg,2026-05-23 12:30:32
269,LN5ZZC,0.403,video,765,video_20260523_123032_652591.jpg,2026-05-23 12:30:32
270,WBZZQ,0.501,video,768,video_20260523_123032_828030.jpg,2026-05-23 12:30:32
271,JOBERD,0.434,video,774,video_20260523_123033_177760.jpg,2026-05-23 12:30:33
272,IOBEPD,0.515,video,777,video_20260523_123033_418829.jpg,2026-05-23 12:30:33
273,LUBZQ,0.467,video,777,video_20260523_123033_465414.jpg,2026-05-23 12:30:33
274,GJOGEPD,0.565,video,780,video_20260523_123033_681415.jpg,2026-05-23 12:30:33
275,LBZO,0.548,video,780,video_20260523_123033_721821.jpg,2026-05-23 12:30:33
276,NIZZO,0.621,video,783,video_20260523_123033_945873.jpg,2026-05-23 12:30:33
277,LSZZD,0.488,video,786,video_20260523_123034_221144.jpg,2026-05-23 12:30:34
278,LN5ZZD,0.407,video,786,video_20260523_123034_305702.jpg,2026-05-23 12:30:34
279,SZZQ,0.495,video,789,video_20260523_123034_547422.jpg,2026-05-23 12:30:34
280,GOBEPD,0.515,video,792,video_20260523_123034_755455.jpg,2026-05-23 12:30:34
281,6JOGEPD,0.523,video,795,video_20260523_123035_018046.jpg,2026-05-23 12:30:35
282,LSZZQ,0.525,video,798,video_20260523_123035_252094.jpg,2026-05-23 12:30:35
283,6IOBEP,0.5,video,798,video_20260523_123035_306522.jpg,2026-05-23 12:30:35
284,LWSZZQ,0.626,video,801,video_20260523_123035_538795.jpg,2026-05-23 12:30:35
285,6JOS EFD,0.422,video,801,video_20260523_123035_621612.jpg,2026-05-23 12:30:35
286,GJO6 EPD,0.518,video,813,video_20260523_123036_305283.jpg,2026-05-23 12:30:36
287,0JOB ED,0.409,video,816,video_20260523_123036_563762.jpg,2026-05-23 12:30:36
288,LNSZZC,0.678,video,819,video_20260523_123036_696803.jpg,2026-05-23 12:30:36
289,GGJOSEPD,0.524,video,822,video_20260523_123036_851037.jpg,2026-05-23 12:30:36
290,GOBED,0.617,video,825,video_20260523_123037_020974.jpg,2026-05-23 12:30:37
291,LNSZZQ,0.492,video,825,video_20260523_123037_049071.jpg,2026-05-23 12:30:37
292,6JOS EP,0.576,video,828,video_20260523_123037_244813.jpg,2026-05-23 12:30:37
293,LH5ZZ9,0.614,video,834,video_20260523_123037_546820.jpg,2026-05-23 12:30:37
294,LHSZZQ,0.639,video,837,video_20260523_123037_778366.jpg,2026-05-23 12:30:37
295,GJOS EED,0.487,video,837,video_20260523_123037_819941.jpg,2026-05-23 12:30:37
296,GOS ED,0.539,video,840,video_20260523_123038_041997.jpg,2026-05-23 12:30:38
297,LNISZZQ,0.603,video,843,video_20260523_123038_306990.jpg,2026-05-23 12:30:38
298,LHISZZC,0.677,video,846,video_20260523_123038_509803.jpg,2026-05-23 12:30:38
299,LUISZZG,0.745,video,849,video_20260523_123038_774034.jpg,2026-05-23 12:30:38
300,ZZC LWS,0.665,video,852,video_20260523_123039_018567.jpg,2026-05-23 12:30:39
301,MIL,0.462,video,855,video_20260523_123039_275070.jpg,2026-05-23 12:30:39
302,LNIS ZZQ,0.45,video,855,video_20260523_123039_329678.jpg,2026-05-23 12:30:39
303,LNSZZ9,0.669,video,858,video_20260523_123039_555507.jpg,2026-05-23 12:30:39
304,MJT,0.428,video,858,video_20260523_123039_624419.jpg,2026-05-23 12:30:39
305,LNS ZZG,0.744,video,861,video_20260523_123039_816933.jpg,2026-05-23 12:30:39
306,O7D,0.614,video,867,video_20260523_123040_192235.jpg,2026-05-23 12:30:40
307,DJCLA,0.594,video,876,video_20260523_123040_682580.jpg,2026-05-23 12:30:40
308,MOTLI,0.502,video,885,video_20260523_123041_066868.jpg,2026-05-23 12:30:41
309,DOCLA,0.409,video,888,video_20260523_123041_304616.jpg,2026-05-23 12:30:41
310,DOL,0.469,video,894,video_20260523_123041_733080.jpg,2026-05-23 12:30:41
311,MZLI,0.492,video,900,video_20260523_123042_075517.jpg,2026-05-23 12:30:42
312,DOLLX,0.741,video,903,video_20260523_123042_300110.jpg,2026-05-23 12:30:42
313,DOT,0.512,video,909,video_20260523_123042_650950.jpg,2026-05-23 12:30:42
314,GTU,0.511,video,912,video_20260523_123042_878056.jpg,2026-05-23 12:30:42
315,DNOTL,0.665,video,915,video_20260523_123043_112065.jpg,2026-05-23 12:30:43
316,OLI,0.654,video,918,video_20260523_123043_315811.jpg,2026-05-23 12:30:43
317,OCLA,0.667,video,921,video_20260523_123043_557052.jpg,2026-05-23 12:30:43
318,AODELX,0.604,video,924,video_20260523_123043_767436.jpg,2026-05-23 12:30:43
319,DAOZLX,0.464,video,924,video_20260523_123043_825817.jpg,2026-05-23 12:30:43
320,DOCLX,0.586,video,927,video_20260523_123044_057598.jpg,2026-05-23 12:30:44
321,IOCLX,0.673,video,930,video_20260523_123044_279843.jpg,2026-05-23 12:30:44
322,MONLI,0.685,video,933,video_20260523_123044_522106.jpg,2026-05-23 12:30:44
323,BOSUI,0.452,video,942,video_20260523_123044_979967.jpg,2026-05-23 12:30:44
324,BYOSUS,0.401,video,942,video_20260523_123045_021050.jpg,2026-05-23 12:30:45
325,BXOSU,0.484,video,948,video_20260523_123045_258418.jpg,2026-05-23 12:30:45
326,BYYOSUS,0.464,video,951,video_20260523_123045_472689.jpg,2026-05-23 12:30:45
327,EYO9US,0.431,video,951,video_20260523_123045_523386.jpg,2026-05-23 12:30:45
328,EOGUD,0.608,video,954,video_20260523_123045_784743.jpg,2026-05-23 12:30:45
329,EOGWI,0.548,video,957,video_20260523_123045_987897.jpg,2026-05-23 12:30:45
330,EOSUS,0.488,video,960,video_20260523_123046_192753.jpg,2026-05-23 12:30:46
331,EOSWS,0.457,video,966,video_20260523_123046_495544.jpg,2026-05-23 12:30:46
332,EYOGW,0.616,video,969,video_20260523_123046_697075.jpg,2026-05-23 12:30:46
333,EYOGWS,0.653,video,972,video_20260523_123046_876922.jpg,2026-05-23 12:30:46
334,EYOSWUS,0.632,video,975,video_20260523_123047_064782.jpg,2026-05-23 12:30:47
335,EYOGWUS,0.601,video,978,video_20260523_123047_286574.jpg,2026-05-23 12:30:47
336,EYOGWG,0.521,video,984,video_20260523_123047_635548.jpg,2026-05-23 12:30:47
337,EYOGUD,0.623,video,987,video_20260523_123047_839859.jpg,2026-05-23 12:30:47
338,EYOGU,0.43,video,987,video_20260523_123047_892057.jpg,2026-05-23 12:30:47
339,EYOGI,0.611,video,993,video_20260523_123048_270904.jpg,2026-05-23 12:30:48
340,EYO9WS,0.6,video,999,video_20260523_123048_580839.jpg,2026-05-23 12:30:48
341,EYOMUD,0.673,video,1002,video_20260523_123048_800378.jpg,2026-05-23 12:30:48
342,EYOSUS,0.601,video,1011,video_20260523_123049_140658.jpg,2026-05-23 12:30:49
343,EOSS,0.584,video,1020,video_20260523_123049_583738.jpg,2026-05-23 12:30:49
344,EOS,0.625,video,1026,video_20260523_123049_963521.jpg,2026-05-23 12:30:49
345,EMOS S,0.573,video,1032,video_20260523_123050_284158.jpg,2026-05-23 12:30:50
346,DPETYG,0.423,video,1116,video_20260523_123053_715722.jpg,2026-05-23 12:30:53
347,DPBT,0.412,video,1116,video_20260523_123053_825412.jpg,2026-05-23 12:30:53
348,DPOTH,0.525,video,1119,video_20260523_123054_042868.jpg,2026-05-23 12:30:54
349,BPOLI,0.618,video,1122,video_20260523_123054_212611.jpg,2026-05-23 12:30:54
350,WPBALYH,0.455,video,1125,video_20260523_123054_391181.jpg,2026-05-23 12:30:54
351,PELMHI,0.506,video,1131,video_20260523_123054_678187.jpg,2026-05-23 12:30:54
352,EEIU,0.658,video,1134,video_20260523_123054_929877.jpg,2026-05-23 12:30:54
353,PE TYHI,0.663,video,1137,video_20260523_123055_111077.jpg,2026-05-23 12:30:55
354,DPEIH,0.661,video,1140,video_20260523_123055_325474.jpg,2026-05-23 12:30:55
355,PE TYH,0.464,video,1146,video_20260523_123055_731233.jpg,2026-05-23 12:30:55
356,EP6TLYH,0.613,video,1149,video_20260523_123055_932051.jpg,2026-05-23 12:30:55
357,BPB IYH,0.661,video,1152,video_20260523_123056_144778.jpg,2026-05-23 12:30:56
358,PGIYH,0.521,video,1155,video_20260523_123056_360792.jpg,2026-05-23 12:30:56
359,BPBILH,0.624,video,1158,video_20260523_123056_555864.jpg,2026-05-23 12:30:56
360,BPBIH,0.596,video,1161,video_20260523_123056_783823.jpg,2026-05-23 12:30:56
361,PEILH,0.694,video,1164,video_20260523_123057_037367.jpg,2026-05-23 12:30:57
362,BPETH,0.708,video,1167,video_20260523_123057_286689.jpg,2026-05-23 12:30:57
363,BPBILMH,0.763,video,1170,video_20260523_123057_499955.jpg,2026-05-23 12:30:57
364,PPGILM,0.671,video,1176,video_20260523_123057_865905.jpg,2026-05-23 12:30:57
365,PBIM,0.732,video,1179,video_20260523_123058_120152.jpg,2026-05-23 12:30:58
366,BPBEL,0.731,video,1182,video_20260523_123058_278853.jpg,2026-05-23 12:30:58
367,PBIMH,0.609,video,1185,video_20260523_123058_482524.jpg,2026-05-23 12:30:58
368,LG6S Z6J,0.499,video,1215,video_20260523_123059_688387.jpg,2026-05-23 12:30:59
369,01GO5Z6J,0.559,video,1221,video_20260523_123100_055785.jpg,2026-05-23 12:31:00
370,1GES ZE3,0.479,video,1224,video_20260523_123100_311871.jpg,2026-05-23 12:31:00
371,WGES ZA8,0.558,video,1236,video_20260523_123100_870826.jpg,2026-05-23 12:31:00
372,L1G65 2E3,0.403,video,1236,video_20260523_123100_955629.jpg,2026-05-23 12:31:00
373,LG65 2E3,0.611,video,1239,video_20260523_123101_233272.jpg,2026-05-23 12:31:01
374,LGE5 ZEX,0.567,video,1242,video_20260523_123101_477269.jpg,2026-05-23 12:31:01
375,LG65 2EX,0.6,video,1245,video_20260523_123101_678564.jpg,2026-05-23 12:31:01
376,L1G65 2EX,0.612,video,1254,video_20260523_123102_176665.jpg,2026-05-23 12:31:02
377,LGGS ZEX,0.657,video,1257,video_20260523_123102_321138.jpg,2026-05-23 12:31:02
378,LG65 ZEX,0.619,video,1260,video_20260523_123102_468313.jpg,2026-05-23 12:31:02
379,LGE5 ZE,0.598,video,1263,video_20260523_123102_652630.jpg,2026-05-23 12:31:02
380,L1G65 26X,0.632,video,1269,video_20260523_123102_933969.jpg,2026-05-23 12:31:02
381,01G65 ZEX,0.684,video,1272,video_20260523_123103_129926.jpg,2026-05-23 12:31:03
382,L1G65 ZEX,0.71,video,1275,video_20260523_123103_343469.jpg,2026-05-23 12:31:03
383,0G6S ZFX,0.652,video,1284,video_20260523_123103_879772.jpg,2026-05-23 12:31:03
384,0GB5 ZFX,0.707,video,1287,video_20260523_123104_098028.jpg,2026-05-23 12:31:04
385,LGSS ZFX,0.691,video,1290,video_20260523_123104_314214.jpg,2026-05-23 12:31:04
386,WGES ZFX,0.697,video,1293,video_20260523_123104_546373.jpg,2026-05-23 12:31:04
387,WQ6S ZFX,0.554,video,1299,video_20260523_123104_889938.jpg,2026-05-23 12:31:04
388,LG6S ZFX,0.733,video,1305,video_20260523_123105_354772.jpg,2026-05-23 12:31:05
389,0L64OG3,0.497,video,1350,video_20260523_123107_024655.jpg,2026-05-23 12:31:07
390,ML64OC3,0.625,video,1353,video_20260523_123107_179856.jpg,2026-05-23 12:31:07
391,064O,0.628,video,1362,video_20260523_123107_585521.jpg,2026-05-23 12:31:07
392,64OG,0.634,video,1365,video_20260523_123107_771103.jpg,2026-05-23 12:31:07
393,64053,0.535,video,1368,video_20260523_123107_952011.jpg,2026-05-23 12:31:07
394,6405,0.54,video,1371,video_20260523_123108_182065.jpg,2026-05-23 12:31:08
395,CL64053,0.54,video,1377,video_20260523_123108_469784.jpg,2026-05-23 12:31:08
396,M640G3,0.65,video,1380,video_20260523_123108_698205.jpg,2026-05-23 12:31:08
397,M640GX,0.41,video,1380,video_20260523_123108_779785.jpg,2026-05-23 12:31:08
398,M6405,0.615,video,1383,video_20260523_123108_992421.jpg,2026-05-23 12:31:09
399,M640GA,0.634,video,1386,video_20260523_123109_232969.jpg,2026-05-23 12:31:09
400,LPLEAA,0.482,video,1389,video_20260523_123109_496809.jpg,2026-05-23 12:31:09
401,LPLLLD,0.725,video,1395,video_20260523_123109_940196.jpg,2026-05-23 12:31:09
402,M65J,0.652,video,1395,video_20260523_123110_011979.jpg,2026-05-23 12:31:10
403,M6405J,0.721,video,1398,video_20260523_123110_259946.jpg,2026-05-23 12:31:10
404,LPLLIA,0.707,video,1398,video_20260523_123110_317884.jpg,2026-05-23 12:31:10
405,LILLAI,0.64,video,1401,video_20260523_123110_556138.jpg,2026-05-23 12:31:10
406,LLLD,0.537,video,1404,video_20260523_123110_765120.jpg,2026-05-23 12:31:10
407,M64OQ,0.72,video,1407,video_20260523_123110_963266.jpg,2026-05-23 12:31:10
408,LPULL,0.714,video,1407,video_20260523_123111_012098.jpg,2026-05-23 12:31:11
409,LILLL,0.748,video,1410,video_20260523_123111_243719.jpg,2026-05-23 12:31:11
410,M64OG,0.669,video,1410,video_20260523_123111_292075.jpg,2026-05-23 12:31:11
411,LILLLL,0.73,video,1413,video_20260523_123111_507961.jpg,2026-05-23 12:31:11
412,M640G,0.724,video,1413,video_20260523_123111_549949.jpg,2026-05-23 12:31:11
413,LPILLLI,0.745,video,1416,video_20260523_123111_771264.jpg,2026-05-23 12:31:11
414,ME4Q,0.422,video,1416,video_20260523_123111_832482.jpg,2026-05-23 12:31:11
415,LHLI,0.711,video,1419,video_20260523_123112_036266.jpg,2026-05-23 12:31:12
416,M64LE,0.69,video,1419,video_20260523_123112_079736.jpg,2026-05-23 12:31:12
417,D645,0.773,video,1422,video_20260523_123112_333240.jpg,2026-05-23 12:31:12
418,MGJOE,0.748,video,1425,video_20260523_123112_530410.jpg,2026-05-23 12:31:12
419,LPLILJA,0.723,video,1428,video_20260523_123112_706461.jpg,2026-05-23 12:31:12
420,LPIL,0.694,video,1431,video_20260523_123112_860099.jpg,2026-05-23 12:31:12
421,LPLLLS,0.751,video,1434,video_20260523_123113_006026.jpg,2026-05-23 12:31:13
422,LLLLDI,0.632,video,1437,video_20260523_123113_172228.jpg,2026-05-23 12:31:13
423,LLAA,0.759,video,1443,video_20260523_123113_435831.jpg,2026-05-23 12:31:13
424,LILI,0.77,video,1446,video_20260523_123113_588536.jpg,2026-05-23 12:31:13
425,LLLI,0.737,video,1449,video_20260523_123113_744535.jpg,2026-05-23 12:31:13
426,0752 BPF,0.459,video,1548,video_20260523_123117_252246.jpg,2026-05-23 12:31:17
427,04X52 BPF,0.517,video,1554,video_20260523_123117_566881.jpg,2026-05-23 12:31:17
428,K52BPF,0.618,video,1560,video_20260523_123117_960332.jpg,2026-05-23 12:31:17
429,EEE,0.418,video,1563,video_20260523_123118_253886.jpg,2026-05-23 12:31:18
430,KS2 BPF,0.467,video,1569,video_20260523_123118_520070.jpg,2026-05-23 12:31:18
431,HX52 BPF,0.581,video,1572,video_20260523_123118_736052.jpg,2026-05-23 12:31:18
432,VOBXKRD,0.48,video,1638,video_20260523_123121_019904.jpg,2026-05-23 12:31:21
433,CEBILIL,0.456,video,1701,video_20260523_123123_523465.jpg,2026-05-23 12:31:23
434,CEGICIL,0.442,video,1707,video_20260523_123123_933901.jpg,2026-05-23 12:31:23
435,CE6ILYL,0.487,video,1734,video_20260523_123124_942822.jpg,2026-05-23 12:31:24
436,CEGILYL,0.538,video,1737,video_20260523_123125_156752.jpg,2026-05-23 12:31:25
437,U SCSB1,0.422,video,1767,video_20260523_123126_502625.jpg,2026-05-23 12:31:26
438,GIEE,0.411,video,1770,video_20260523_123126_689631.jpg,2026-05-23 12:31:26
439,WWO SSCSBP,0.521,video,1791,video_20260523_123127_550905.jpg,2026-05-23 12:31:27
440,WO SCSB12,0.574,video,1794,video_20260523_123127_806291.jpg,2026-05-23 12:31:27
441,WD SCS61P,0.501,video,1797,video_20260523_123128_093429.jpg,2026-05-23 12:31:28
442,WLO SCSB42,0.504,video,1800,video_20260523_123128_271254.jpg,2026-05-23 12:31:28
